{"cameraMode":{"drawMode":0,"name":"Shaded","section":"Shading Mode"},"sceneLighting":true,"audioPlay":false,"sceneViewState":{"showFog":true,"showMaterialUpdate":false,"showSkybox":true,"showFlares":true,"showImageEffects":true,"showParticleSystems":true},"in2DMode":false,"pivot":{"x":116.91397857666016,"y":0.42770102620124819,"z":-0.13625335693359376},"rotation":{"x":-0.007809530943632126,"y":-0.006902697030454874,"z":0.0000530960169271566,"w":-0.9999480247497559},"size":7.371741771697998,"orthographic":false}