{"cameraMode":{"drawMode":0,"name":"Shaded","section":"Shading Mode"},"sceneLighting":true,"audioPlay":false,"sceneViewState":{"showFog":true,"showMaterialUpdate":false,"showSkybox":true,"showFlares":true,"showImageEffects":true,"showParticleSystems":true},"in2DMode":false,"pivot":{"x":714.7984619140625,"y":359.0513610839844,"z":-6.62554931640625},"rotation":{"x":-0.0422966293990612,"y":-0.00539812445640564,"z":0.00022771248768549412,"w":-0.9990926384925842},"size":429.771484375,"orthographic":false}