{"cameraMode":{"drawMode":0,"name":"Shaded","section":"Shading Mode"},"sceneLighting":true,"audioPlay":false,"sceneViewState":{"showFog":true,"showMaterialUpdate":false,"showSkybox":true,"showFlares":true,"showImageEffects":true,"showParticleSystems":true},"in2DMode":false,"pivot":{"x":24.513395309448243,"y":1.2317229509353638,"z":9.462483406066895},"rotation":{"x":0.03554015979170799,"y":-0.08922719210386276,"z":-0.0031867085490375759,"w":-0.9953742027282715},"size":6.315615177154541,"orthographic":false}